{
    "objects": {
        "tool_room_table": "flat_surface",
        "extra_room_table": "flat_surface",
        "low_wall_rack": "flat_surface",
        "high_wall_rack": "flat_surface",
        "bucket": "bag",
        "platform": "platform",
        "hammer": "tool",
        "floor": "floor",
        "brush": "tool",
        "drill": "tool",
        "toolbag": "bag",
        "measuring_tape": "tool",
        "spot": "robot"
    },
    "init": {
        "tool_room_table": {
            "x": 6.63041,
            "y": -6.35143,
            "z": 0.179613
        },
        "extra_room_table": {
            "x": 8.27387,
            "y": -6.23233,
            "z": -0.0678132
        },
        "low_wall_rack": {
            "x": 9.81101,
            "y": -7.00988,
            "z": 0.122701
        },
        "high_wall_rack": {
            "x": 9.81101,
            "y": -7.00988,
            "z": 0.7578812685683279
        },
        "bucket": {
            "x": 7.043112552148553,
            "y": -8.198686802340527,
            "z": -0.18750694527153725
        },
        "platform": {
            "x": 8.63513,
            "y": -7.87694,
            "z": -0.0751688,
            "lost": 0.0,
            "in_view": 1.0
        },
        "hammer": {
            "x": 9.774202694818861,
            "y": -6.8142564114048545,
            "z": 0.5561295373139605,
            "lost": 0.0,
            "in_view": 1.0
        },
        "floor": {
            "x": 0.0,
            "y": 0.0,
            "z": -1.0
        },
        "brush": {
            "x": 6.747043056468404,
            "y": -6.108969451021855,
            "z": 0.16231059127763012,
            "lost": 0.0,
            "in_view": 1.0
        },
        "drill": {
            "x": 9.76303943144278,
            "y": -7.136409032176627,
            "z": 1.1275148164801563,
            "lost": 0.0,
            "in_view": 1.0
        },
        "toolbag": {
            "x": 7.5909737101566215,
            "y": -5.9412389551619595,
            "z": -0.24920465836893968
        },
        "measuring_tape": {
            "x": 8.699259545622322,
            "y": -6.374402292228787,
            "z": -0.3577580300858399,
            "lost": 0.0,
            "in_view": 1.0
        },
        "spot": {
            "gripper_open_percentage": 1.459348201751709,
            "curr_held_item_id": 0,
            "x": 8.34601745830965,
            "y": -6.9653053219200665,
            "z": 0.1208614578311638,
            "yaw": -0.007898626216188198
        }
    },
    "goal": {
        "InBag": [
            [
                "measuring_tape",
                "toolbag"
            ]
        ]
    }
}