{
    "objects": {
        "hammer": "tool",
        "floor": "floor",
        "low_wall_rack": "flat_surface",
        "extra_room_table": "flat_surface",
        "bucket": "bag",
        "tool_room_table": "flat_surface",
        "high_wall_rack": "flat_surface",
        "platform": "platform",
        "spot": "robot"
    },
    "init": {
        "hammer": {
            "x": 9.88990111983498,
            "y": -6.820915453783869,
            "z": 0.9659382071704141,
            "lost": 0.0,
            "in_view": 1.0
        },
        "floor": {
            "x": 0.0,
            "y": 0.0,
            "z": -1.0
        },
        "low_wall_rack": {
            "x": 9.866616711615835,
            "y": -6.961062927686536,
            "z": 0.20791721232441884
        },
        "extra_room_table": {
            "x": 8.15790438214574,
            "y": -6.255686405462909,
            "z": -0.03151682717765328
        },
        "bucket": {
            "x": 7.15662844253503,
            "y": -8.233893209138134,
            "z": -0.18994645888504397
        },
        "tool_room_table": {
            "x": 6.669525954234737,
            "y": -6.399608655857843,
            "z": 0.11088850615699593
        },
        "high_wall_rack": {
            "x": 9.994470744793851,
            "y": -7.329441294420997,
            "z": 0.8323795389278658
        },
        "platform": {
            "x": 8.630817192585123,
            "y": -7.885922958622272,
            "z": -0.06377245320732144,
            "lost": 0.0,
            "in_view": 1.0
        },
        "spot": {
            "gripper_open_percentage": 1.3471424579620361,
            "curr_held_item_id": 0,
            "x": 8.35045026017446,
            "y": -6.97970569375843,
            "z": 0.12804225213242454,
            "yaw": 0.018351082059207324
        }
    },
    "goal": {
        "InBag": [
            [
                "hammer",
                "bucket"
            ]
        ]
    }
}